feature_type,algorithm,params,auc_mean,auc_std,auc_scores
combined,random_forest,"{'n_estimators': 600, 'max_depth': None, 'max_features': 'log2', 'min_samples_leaf': 1}",0.8511156550949153,0.014611309313780463,"[0.8657269644086958, 0.8365043457811349]"
combined,random_forest,"{'n_estimators': 400, 'max_depth': 30, 'max_features': 'sqrt', 'min_samples_leaf': 2}",0.8491473840189898,0.017537907767332495,"[0.8666852917863223, 0.8316094762516573]"
combined,xgboost,"{'n_estimators': 900, 'learning_rate': 0.05, 'max_depth': 5, 'subsample': 0.8, 'colsample_bytree': 0.8}",0.8487158254810032,0.01295042970046173,"[0.861666255181465, 0.8357653957805415]"
combined,xgboost,"{'n_estimators': 800, 'learning_rate': 0.05, 'max_depth': 8, 'subsample': 0.8, 'colsample_bytree': 0.8}",0.8484570999331427,0.009595665463983882,"[0.8580527653971266, 0.8388614344691588]"
combined,xgboost,"{'n_estimators': 400, 'learning_rate': 0.1, 'max_depth': 6, 'subsample': 0.8, 'colsample_bytree': 0.8}",0.8482988018106445,0.013893721286669658,"[0.8621925230973142, 0.8344050805239749]"
combined,xgboost,"{'n_estimators': 600, 'learning_rate': 0.05, 'max_depth': 6, 'subsample': 0.9, 'colsample_bytree': 0.9}",0.8471935269659658,0.013242604033596617,"[0.8604361309995625, 0.8339509229323693]"
combined,xgboost,"{'n_estimators': 700, 'learning_rate': 0.07, 'max_depth': 6, 'subsample': 0.85, 'colsample_bytree': 0.85}",0.845170125552555,0.010889102327949762,"[0.8560592278805047, 0.8342810232246052]"
combined,xgboost,"{'n_estimators': 500, 'learning_rate': 0.1, 'max_depth': 4, 'subsample': 0.9, 'colsample_bytree': 0.9}",0.8440211003631035,0.01338628298084188,"[0.8574073833439454, 0.8306348173822616]"
combined,random_forest,"{'n_estimators': 400, 'max_depth': None, 'max_features': 'sqrt', 'min_samples_leaf': 1}",0.8425508915162352,0.012506694754885805,"[0.855057586271121, 0.8300441967613494]"
fingerprints,xgboost,"{'n_estimators': 800, 'learning_rate': 0.05, 'max_depth': 8, 'subsample': 0.8, 'colsample_bytree': 0.8}",0.8378661427352343,0.010365120610963341,"[0.8482312633461976, 0.8275010221242709]"
combined,random_forest,"{'n_estimators': 500, 'max_depth': 40, 'max_features': None, 'min_samples_leaf': 1}",0.8336575202591257,0.01266033689920093,"[0.8463178571583265, 0.8209971833599247]"
combined,random_forest,"{'n_estimators': 300, 'max_depth': 25, 'max_features': None, 'min_samples_leaf': 2}",0.8335241036341214,0.011552800784363437,"[0.8450769044184848, 0.821971302849758]"
fingerprints,random_forest,"{'n_estimators': 400, 'max_depth': 30, 'max_features': 'sqrt', 'min_samples_leaf': 2}",0.8334703187492616,0.014111231120579104,"[0.8475815498698407, 0.8193590876286825]"
fingerprints,xgboost,"{'n_estimators': 600, 'learning_rate': 0.05, 'max_depth': 6, 'subsample': 0.9, 'colsample_bytree': 0.9}",0.8326123211971008,0.008635605134053759,"[0.8412479263311546, 0.8239767160630471]"
fingerprints,random_forest,"{'n_estimators': 600, 'max_depth': None, 'max_features': 'log2', 'min_samples_leaf': 1}",0.832577171603831,0.01247266141980552,"[0.8450498330236366, 0.8201045101840255]"
fingerprints,xgboost,"{'n_estimators': 900, 'learning_rate': 0.05, 'max_depth': 5, 'subsample': 0.8, 'colsample_bytree': 0.8}",0.8299562222617232,0.01004858561800176,"[0.840004807879725, 0.8199076366437215]"
combined,random_forest,"{'n_estimators': 200, 'max_depth': None, 'max_features': None, 'min_samples_leaf': 1}",0.8285387389393162,0.011897045546392149,"[0.8404357844857083, 0.816641693392924]"
fingerprints,xgboost,"{'n_estimators': 700, 'learning_rate': 0.07, 'max_depth': 6, 'subsample': 0.85, 'colsample_bytree': 0.85}",0.8282425559016962,0.009165563784189035,"[0.8374081196858851, 0.8190769921175071]"
descriptors,random_forest,"{'n_estimators': 400, 'max_depth': 30, 'max_features': 'sqrt', 'min_samples_leaf': 2}",0.8269464475241964,0.0147497811056444,"[0.8416962286298408, 0.812196666418552]"
descriptors,random_forest,"{'n_estimators': 400, 'max_depth': None, 'max_features': 'sqrt', 'min_samples_leaf': 1}",0.826605646338352,0.014851271161030966,"[0.841456917499383, 0.8117543751773211]"
descriptors,random_forest,"{'n_estimators': 600, 'max_depth': None, 'max_features': 'log2', 'min_samples_leaf': 1}",0.8265591788323241,0.015710421940401786,"[0.842269600772726, 0.8108487568919224]"
fingerprints,xgboost,"{'n_estimators': 400, 'learning_rate': 0.1, 'max_depth': 6, 'subsample': 0.8, 'colsample_bytree': 0.8}",0.8265497241224634,0.011862202884393214,"[0.8384119270068566, 0.8146875212380702]"
fingerprints,xgboost,"{'n_estimators': 500, 'learning_rate': 0.1, 'max_depth': 4, 'subsample': 0.9, 'colsample_bytree': 0.9}",0.8232429667153804,0.011556553362931654,"[0.8347995200783122, 0.8116864133524488]"
fingerprints,random_forest,"{'n_estimators': 400, 'max_depth': None, 'max_features': 'sqrt', 'min_samples_leaf': 1}",0.8218217053915782,0.007847243935102222,"[0.8296689493266803, 0.8139744614564759]"
descriptors,xgboost,"{'n_estimators': 600, 'learning_rate': 0.05, 'max_depth': 6, 'subsample': 0.9, 'colsample_bytree': 0.9}",0.8181832501280315,0.009595032982449958,"[0.8277782831104815, 0.8085882171455816]"
descriptors,xgboost,"{'n_estimators': 900, 'learning_rate': 0.05, 'max_depth': 5, 'subsample': 0.8, 'colsample_bytree': 0.8}",0.8142345441617307,0.006748818841851578,"[0.8209833630035822, 0.807485725319879]"
descriptors,random_forest,"{'n_estimators': 300, 'max_depth': 25, 'max_features': None, 'min_samples_leaf': 2}",0.8139397891628142,0.01774489622426345,"[0.8316846853870776, 0.7961948929385507]"
descriptors,xgboost,"{'n_estimators': 400, 'learning_rate': 0.1, 'max_depth': 6, 'subsample': 0.8, 'colsample_bytree': 0.8}",0.8128767716014124,0.010021080445834829,"[0.8228978520472472, 0.8028556911555775]"
descriptors,xgboost,"{'n_estimators': 500, 'learning_rate': 0.1, 'max_depth': 4, 'subsample': 0.9, 'colsample_bytree': 0.9}",0.8123689679788961,0.004980330980263015,"[0.8173492989591591, 0.8073886369986331]"
descriptors,random_forest,"{'n_estimators': 500, 'max_depth': 40, 'max_features': None, 'min_samples_leaf': 1}",0.8111082332069388,0.014402008443160197,"[0.825510241650099, 0.7967062247637786]"
descriptors,xgboost,"{'n_estimators': 800, 'learning_rate': 0.05, 'max_depth': 8, 'subsample': 0.8, 'colsample_bytree': 0.8}",0.810948681981212,0.007773678124648076,"[0.81872236010586, 0.8031750038565638]"
fingerprints,random_forest,"{'n_estimators': 300, 'max_depth': 25, 'max_features': None, 'min_samples_leaf': 2}",0.8099227169464822,0.004202920314152481,"[0.8141256372606347, 0.8057197966323297]"
descriptors,xgboost,"{'n_estimators': 700, 'learning_rate': 0.07, 'max_depth': 6, 'subsample': 0.85, 'colsample_bytree': 0.85}",0.809774697715131,0.007651484005397002,"[0.8174261817205281, 0.802123213709734]"
descriptors,random_forest,"{'n_estimators': 200, 'max_depth': None, 'max_features': None, 'min_samples_leaf': 1}",0.807260731227452,0.017764932454864102,"[0.8250256636823161, 0.7894957987725879]"
fingerprints,random_forest,"{'n_estimators': 500, 'max_depth': 40, 'max_features': None, 'min_samples_leaf': 1}",0.8027515698086574,0.006333373731241376,"[0.8090849435398988, 0.796418196077416]"
fingerprints,random_forest,"{'n_estimators': 200, 'max_depth': None, 'max_features': None, 'min_samples_leaf': 1}",0.7979824074813153,0.004988732246064942,"[0.8029711397273803, 0.7929936752352504]"
